SUMMARY OUTPUT,,,,,,,,
,,,,,,,,
Regression Statistics,,,,,,,,
Multiple R,0.097473795,,,,,,,
R Square,0.009501141,,,,,,,
Adjusted R Square,0.0083932,,,,,,,
Standard Error,17118.44721,,,,,,,
Observations,896,,,,,,,
,,,,,,,,
ANOVA,,,,,,,,
,df,SS,MS,F,Significance F,,,
Regression,1,2512974192,2512974192,8.575496868,0.003493665,,,
Residual,894,2.61979E+11,293041234.9,,,,,
Total,895,2.64492E+11,,,,,,
,,,,,,,,
,Coefficients,Standard Error,t Stat,P-value,Lower 95%,Upper 95%,Lower 95.0%,Upper 95.0%
Intercept,49404.64797,3444.432122,14.3433362,3.80916E-42,42644.53292,56164.76301,42644.53292,56164.76301
Store_Area,6.696239105,2.286658481,2.92839493,0.003493665,2.208394996,11.18408321,2.208394996,11.18408321
,,,,,,,,
,,,,,,,,
,,,,,,,,
RESIDUAL OUTPUT,,,,,,,,
,,,,,,,,
Observation,Predicted Store_Sales,Residuals,,,,,,
1,60513.70864,5976.29136,,,,,,
2,59187.8533,-19367.8533,,,,,,
3,58377.60837,-4367.608366,,,,,,
4,59120.89091,-5390.890906,,,,,,
5,61256.99118,-14636.99118,,,,,,
6,59060.62475,-13800.62475,,,,,,
7,59730.24866,12509.75134,,,,,,
8,57848.60548,-20128.60548,,,,,,
9,56703.54859,-10393.54859,,,,,,
10,56301.77424,-12151.77424,,,,,,
11,57353.08378,13926.91622,,,,,,
12,61129.76264,-3509.762638,,,,,,
13,61096.28144,-626.2814423,,,,,,
14,60219.07412,-1089.07412,,,,,,
15,59241.42321,7118.57679,,,,,,
16,60413.26505,18456.73495,,,,,,
17,59971.31327,17278.68673,,,,,,
18,60808.34316,-22638.34316,,,,,,
19,59033.8398,4506.160202,,,,,,
20,62395.35183,-22205.35183,,,,,,
21,58920.00373,-15460.00373,,,,,,
22,59167.76458,9722.23542,,,,,,
23,60915.48299,-8135.482986,,,,,,
24,59107.49843,-8427.498428,,,,,,
25,57667.80702,-15787.80702,,,,,,
26,61002.53409,9047.465905,,,,,,
27,59281.60064,-33461.60064,,,,,,
28,58712.42032,1817.579679,,,,,,
29,60399.87258,17700.12742,,,,,,
30,60888.69803,23971.30197,,,,,,
31,59040.53604,21099.46396,,,,,,
32,57774.94685,-42854.94685,,,,,,
33,58317.34221,2142.657786,,,,,,
34,61350.73853,13209.26147,,,,,,
35,58611.97673,13818.02327,,,,,,
36,61933.31133,-16473.31133,,,,,,
37,59060.62475,-17490.62475,,,,,,
38,57266.03267,5603.967326,,,,,,
39,61719.03168,-6549.031679,,,,,,
40,57908.87163,-12428.87163,,,,,,
41,59013.75108,-9463.751081,,,,,,
42,55866.5187,-7726.518702,,,,,,
43,60553.88607,7086.113925,,,,,,
44,61323.95357,-21593.95357,,,,,,
45,56161.15322,-20361.15322,,,,,,
46,57620.93335,-8350.933347,,,,,,
47,61250.29494,5259.705058,,,,,,
48,60520.40488,2009.595121,,,,,,
49,59261.51193,718.4880724,,,,,,
50,58832.95262,17517.04738,,,,,,
51,59542.75397,22277.24603,,,,,,
52,59884.26216,-2054.262164,,,,,,
53,56596.40876,13853.59124,,,,,,
54,61886.43766,5113.562343,,,,,,
55,59917.74336,4172.25664,,,,,,
56,58893.21878,-10223.21878,,,,,,
57,61015.92657,5194.073427,,,,,,
58,59248.11945,24411.88055,,,,,,
59,61196.72503,9573.274971,,,,,,
60,61163.24383,-7293.243833,,,,,,
61,60815.0394,10484.9606,,,,,,
62,62870.7848,-16770.7848,,,,,,
63,59261.51193,-10161.51193,,,,,,
64,58176.72119,7743.278807,,,,,,
65,59743.64114,-1083.641143,,,,,,
66,60835.12812,8294.871883,,,,,,
67,62000.27372,-12920.27372,,,,,,
68,58886.52254,13823.47746,,,,,,
69,60326.21395,-26896.21395,,,,,,
70,58230.29111,-15800.29111,,,,,,
71,60734.68453,-4084.684531,,,,,,
72,57118.71541,-23538.71541,,,,,,
73,55370.99701,11999.00299,,,,,,
74,59234.72697,12545.27303,,,,,,
75,59710.15995,25129.84005,,,,,,
76,60352.9989,21717.0011,,,,,,
77,57888.78291,-31118.78291,,,,,,
78,57774.94685,7785.053154,,,,,,
79,60922.17923,-22262.17923,,,,,,
80,59194.54954,6465.450463,,,,,,
81,58986.96612,-18286.96612,,,,,,
82,59710.15995,29199.84005,,,,,,
83,59053.92852,-1193.928515,,,,,,
84,59931.13584,-17261.13584,,,,,,
85,58022.70769,32157.29231,,,,,,
86,59234.72697,-7954.726971,,,,,,
87,62335.08568,34924.91432,,,,,,
88,57788.33932,-18138.33932,,,,,,
89,57694.59198,-11974.59198,,,,,,
90,59308.3856,-17248.3856,,,,,,
91,60051.66814,5298.331858,,,,,,
92,63928.79058,3151.209417,,,,,,
93,61712.33544,-7682.33544,,,,,,
94,58678.93913,-2318.939126,,,,,,
95,62268.12329,14851.87671,,,,,,
96,62629.7202,-11819.7202,,,,,,
97,61812.77903,-852.7790265,,,,,,
98,61565.01818,-385.0181796,,,,,,
99,61357.43477,2302.565233,,,,,,
100,59978.00951,-18788.00951,,,,,,
101,56743.72602,21676.27398,,,,,,
102,62254.73081,3325.269193,,,,,,
103,57855.30172,31224.69828,,,,,,
104,58605.2805,35564.7195,,,,,,
105,58170.02495,-7220.024954,,,,,,
106,57487.00856,7692.991435,,,,,,
107,60734.68453,8575.315469,,,,,,
108,62321.6932,16888.3068,,,,,,
109,59937.83208,-36197.83208,,,,,,
110,58879.8263,-22549.8263,,,,,,
111,57185.67781,-5485.677805,,,,,,
112,59348.56304,3601.436964,,,,,,
113,62107.41355,-6097.413547,,,,,,
114,60165.50421,-15085.50421,,,,,,
115,62187.76842,-15357.76842,,,,,,
116,57935.65658,6814.343415,,,,,,
117,57152.19661,23627.80339,,,,,,
118,60868.60931,-29688.60931,,,,,,
119,59449.00662,-2739.006623,,,,,,
120,60667.72214,-11277.72214,,,,,,
121,59053.92852,6946.071485,,,,,,
122,59616.4126,-26846.4126,,,,,,
123,58832.95262,-12252.95262,,,,,,
124,62442.2255,17337.7745,,,,,,
125,57199.07028,-21689.07028,,,,,,
126,61370.82725,19599.17275,,,,,,
127,61933.31133,-783.3113303,,,,,,
128,60908.78675,-11698.78675,,,,,,
129,58545.01434,21404.98566,,,,,,
130,58565.10306,10174.89694,,,,,,
131,58391.00084,-911.000844,,,,,,
132,56609.80124,16020.19876,,,,,,
133,58752.59776,-8682.597756,,,,,,
134,60875.30555,-20385.30555,,,,,,
135,58578.49554,-6728.495539,,,,,,
136,60567.27855,-17727.27855,,,,,,
137,60373.08762,566.912381,,,,,,
138,59991.40199,2288.59801,,,,,,
139,61424.39716,15105.60284,,,,,,
140,57299.51387,27830.48613,,,,,,
141,62649.80891,-14059.80891,,,,,,
142,60707.89957,12372.10043,,,,,,
143,57533.88224,-8583.882239,,,,,,
144,59475.79158,-10915.79158,,,,,,
145,59435.61414,-55.61414435,,,,,,
146,59194.54954,-8004.549537,,,,,,
147,59060.62475,-140.6247545,,,,,,
148,57774.94685,-7414.946846,,,,,,
149,57634.32583,-19564.32583,,,,,,
150,62368.56687,-13198.56687,,,,,,
151,58571.7993,-18831.7993,,,,,,
152,60533.79736,3196.202643,,,,,,
153,59770.4261,25559.5739,,,,,,
154,60446.74625,-33036.74625,,,,,,
155,58732.50904,-21412.50904,,,,,,
156,59114.19467,12005.80533,,,,,,
157,60205.68164,12594.31836,,,,,,
158,58832.95262,-24422.95262,,,,,,
159,54594.23327,-12064.23327,,,,,,
160,57942.35282,-3642.352824,,,,,,
161,61056.10401,-10276.10401,,,,,,
162,58591.88802,-13571.88802,,,,,,
163,58873.13006,10726.86994,,,,,,
164,63091.7607,17248.2393,,,,,,
165,61611.89185,-23801.89185,,,,,,
166,55799.55631,-9659.556311,,,,,,
167,59214.63825,40355.36175,,,,,,
168,58317.34221,-19667.34221,,,,,,
169,57654.41454,-7854.414543,,,,,,
170,59321.77808,10588.22192,,,,,,
171,58397.69708,-13487.69708,,,,,,
172,59710.15995,18759.84005,,,,,,
173,56147.76074,-8687.760744,,,,,,
174,61203.42127,-27743.42127,,,,,,
175,59629.80508,-15539.80508,,,,,,
176,58484.74819,-15864.74819,,,,,,
177,59690.07123,9759.92877,,,,,,
178,60152.11173,12967.88827,,,,,,
179,60815.0394,-12515.0394,,,,,,
180,60292.73275,-2202.73275,,,,,,
181,60198.9854,14051.0146,,,,,,
182,57266.03267,-16336.03267,,,,,,
183,62281.51576,8648.484236,,,,,,
184,60801.64692,3868.353078,,,,,,
185,58765.99023,18654.00977,,,,,,
186,59027.14356,-26697.14356,,,,,,
187,59609.71636,-18529.71636,,,,,,
188,60520.40488,-17660.40488,,,,,,
189,58123.15128,10326.84872,,,,,,
190,60560.58231,-20830.58231,,,,,,
191,58719.11656,25030.88344,,,,,,
192,61310.56109,8629.438906,,,,,,
193,59194.54954,8515.450463,,,,,,
194,61129.76264,6230.237362,,,,,,
195,60466.83497,-8006.834966,,,,,,
196,61732.42416,27027.57584,,,,,,
197,59422.22167,7607.778334,,,,,,
198,59475.79158,18754.20842,,,,,,
199,59609.71636,2660.283639,,,,,,
200,57091.93046,-7331.930458,,,,,,
201,59234.72697,14425.27303,,,,,,
202,58176.72119,14143.27881,,,,,,
203,58250.37982,10639.62018,,,,,,
204,56047.31716,-21867.31716,,,,,,
205,59716.85619,-1456.856187,,,,,,
206,61504.75203,-23384.75203,,,,,,
207,59623.10884,-10553.10884,,,,,,
208,58819.56015,2840.439853,,,,,,
209,60808.34316,-22978.34316,,,,,,
210,59951.22456,-7681.224555,,,,,,
211,58170.02495,-5890.024954,,,,,,
212,59368.65175,11441.34825,,,,,,
213,60507.0124,11022.9876,,,,,,
214,61879.74142,15380.25858,,,,,,
215,59167.76458,16382.23542,,,,,,
216,60145.41549,-26415.41549,,,,,,
217,59951.22456,6318.775445,,,,,,
218,59616.4126,-3796.4126,,,,,,
219,59120.89091,9309.109094,,,,,,
220,58712.42032,15277.57968,,,,,,
221,59060.62475,3739.375246,,,,,,
222,60252.55532,-26512.55532,,,,,,
223,57781.64309,6048.356914,,,,,,
224,58230.29111,-33820.29111,,,,,,
225,60433.35377,9586.646229,,,,,,
226,61652.06929,30587.93071,,,,,,
227,61806.08279,6423.917213,,,,,,
228,60781.5582,21088.4418,,,,,,
229,58277.16478,15582.83522,,,,,,
230,58444.57076,18675.42924,,,,,,
231,58424.48204,13925.51796,,,,,,
232,58759.29399,-9599.293995,,,,,,
233,57741.46565,-12091.46565,,,,,,
234,58551.71058,-5771.710583,,,,,,
235,58632.06545,32327.93455,,,,,,
236,61236.90246,3713.097537,,,,,,
237,57332.99507,-10102.99507,,,,,,
238,57821.82052,25428.17948,,,,,,
239,61879.74142,-9929.741418,,,,,,
240,62000.27372,4029.726279,,,,,,
241,58303.94974,10286.05026,,,,,,
242,59710.15995,-12570.15995,,,,,,
243,59830.69225,10109.30775,,,,,,
244,62843.99985,3046.000151,,,,,,
245,57339.6913,31970.3087,,,,,,
246,60500.31616,-1960.316162,,,,,,
247,58069.58137,20060.41863,,,,,,
248,58082.97385,34217.02615,,,,,,
249,61009.23033,-4839.230334,,,,,,
250,60393.17634,-14343.17634,,,,,,
251,58598.58426,-15208.58426,,,,,,
252,59783.81858,1966.181422,,,,,,
253,60004.79447,-38174.79447,,,,,,
254,58966.87741,-19166.87741,,,,,,
255,60145.41549,-5775.415489,,,,,,
256,59040.53604,3429.463963,,,,,,
257,60440.05001,22489.94999,,,,,,
258,56268.29305,7451.706952,,,,,,
259,62803.82241,16376.17759,,,,,,
260,57071.84174,-18861.84174,,,,,,
261,57266.03267,-31316.03267,,,,,,
262,55518.31427,1091.685732,,,,,,
263,57433.43865,16276.56135,,,,,,
264,61960.09629,8439.903713,,,,,,
265,57125.41165,-6685.411653,,,,,,
266,57707.98446,9132.015545,,,,,,
267,58652.15417,-8482.154169,,,,,,
268,60794.95068,-654.9506826,,,,,,
269,57480.31233,-20350.31233,,,,,,
270,59288.29688,-16398.29688,,,,,,
271,57366.47626,-31146.47626,,,,,,
272,61705.6392,-10865.6392,,,,,,
273,58236.98734,-32606.98734,,,,,,
274,60232.4666,537.5334022,,,,,,
275,60326.21395,9273.786055,,,,,,
276,59562.84269,-17822.84269,,,,,,
277,61216.81375,-11086.81375,,,,,,
278,59931.13584,-38181.13584,,,,,,
279,61826.1715,18663.8285,,,,,,
280,58290.55726,-24270.55726,,,,,,
281,57908.87163,2331.128371,,,,,,
282,61015.92657,-21555.92657,,,,,,
283,59669.98251,-3229.982513,,,,,,
284,58712.42032,-11872.42032,,,,,,
285,61832.86774,2987.132256,,,,,,
286,56100.88707,-3580.88707,,,,,,
287,58196.80991,-12256.80991,,,,,,
288,59408.82919,-20438.82919,,,,,,
289,58685.63536,-75.63536464,,,,,,
290,62656.50515,-31846.50515,,,,,,
291,56482.5727,-8752.572699,,,,,,
292,55444.65564,9195.344362,,,,,,
293,58424.48204,-13564.48204,,,,,,
294,58203.50615,-2543.506149,,,,,,
295,59536.05773,-2006.057731,,,,,,
296,58143.24,17056.76,,,,,,
297,57306.21011,-19976.21011,,,,,,
298,57051.75302,-21771.75302,,,,,,
299,59254.81569,11355.18431,,,,,,
300,56603.105,-6883.105003,,,,,,
301,59971.31327,8878.686727,,,,,,
302,60018.18695,-9278.186946,,,,,,
303,58719.11656,18350.88344,,,,,,
304,59964.61703,14765.38297,,,,,,
305,56716.94107,19813.05893,,,,,,
306,58611.97673,10288.02327,,,,,,
307,59603.02012,-14643.02012,,,,,,
308,58598.58426,-17108.58426,,,,,,
309,59783.81858,14536.18142,,,,,,
310,60212.37788,13587.62212,,,,,,
311,59890.9584,-3490.958403,,,,,,
312,62924.35472,8645.645282,,,,,,
313,59408.82919,-15768.82919,,,,,,
314,60513.70864,-25393.70864,,,,,,
315,61230.20622,-2560.206224,,,,,,
316,58062.88513,17737.11487,,,,,,
317,58611.97673,18028.02327,,,,,,
318,57681.1995,-25791.1995,,,,,,
319,58324.03845,3345.961547,,,,,,
320,59536.05773,16413.94227,,,,,,
321,57493.7048,-16003.7048,,,,,,
322,57373.1725,8796.8275,,,,,,
323,59100.80219,-21120.80219,,,,,,
324,61263.68742,1446.31258,,,,,,
325,58545.01434,1924.985657,,,,,,
326,59515.96901,-24285.96901,,,,,,
327,59167.76458,-10617.76458,,,,,,
328,61511.44827,-4701.448267,,,,,,
329,60219.07412,-19139.07412,,,,,,
330,60386.4801,-9116.480097,,,,,,
331,56502.66142,997.3385834,,,,,,
332,60339.60642,21130.39358,,,,,,
333,57587.45215,-8017.452151,,,,,,
334,60245.85908,-14665.85908,,,,,,
335,60279.34027,-15619.34027,,,,,,
336,62040.45116,14199.54884,,,,,,
337,58243.68358,-14523.68358,,,,,,
338,59114.19467,-12414.19467,,,,,,
339,59147.67586,25542.32414,,,,,,
340,55873.21494,29596.78506,,,,,,
341,62274.81952,18135.18048,,,,,,
342,60640.93718,-13990.93718,,,,,,
343,60373.08762,21466.91238,,,,,,
344,57071.84174,6518.15826,,,,,,
345,62823.91113,-12693.91113,,,,,,
346,62489.09918,-16669.09918,,,,,,
347,59964.61703,26745.38297,,,,,,
348,61230.20622,-11250.20622,,,,,,
349,58524.92563,24415.07437,,,,,,
350,62033.75492,-21683.75492,,,,,,
351,58049.49265,35900.50735,,,,,,
352,60011.49071,-12701.49071,,,,,,
353,58759.29399,-37459.29399,,,,,,
354,59080.71347,3099.286528,,,,,,
355,59000.3586,2459.641397,,,,,,
356,57902.17539,-3542.175389,,,,,,
357,61444.48588,10605.51412,,,,,,
358,59542.75397,-11452.75397,,,,,,
359,56201.33066,-28891.33066,,,,,,
360,59415.52543,-2255.525427,,,,,,
361,61183.33255,-26993.33255,,,,,,
362,57567.36343,-21967.36343,,,,,,
363,59924.4396,-5254.439599,,,,,,
364,58806.16767,17923.83233,,,,,,
365,56931.22072,6608.779281,,,,,,
366,59542.75397,-22852.75397,,,,,,
367,57487.00856,29882.99144,,,,,,
368,59341.8668,458.1332031,,,,,,
369,58765.99023,-10735.99023,,,,,,
370,61250.29494,35399.70506,,,,,,
371,56844.16961,8655.830389,,,,,,
372,56623.19372,-1093.19372,,,,,,
373,61966.79253,-40316.79253,,,,,,
374,62187.76842,-30247.76842,,,,,,
375,62395.35183,22294.64817,,,,,,
376,58719.11656,9670.88344,,,,,,
377,59422.22167,16067.77833,,,,,,
378,58859.73758,-19659.73758,,,,,,
379,56911.132,28758.868,,,,,,
380,60727.98829,-197.9882915,,,,,,
381,60111.93429,17978.06571,,,,,,
382,57493.7048,-6773.704804,,,,,,
383,59140.97962,-36050.97962,,,,,,
384,59817.29977,31542.70023,,,,,,
385,59810.60353,-11690.60353,,,,,,
386,59388.74047,16231.25953,,,,,,
387,58879.8263,-19459.8263,,,,,,
388,59361.95551,-8231.955514,,,,,,
389,58370.91213,-24480.91213,,,,,,
390,58243.68358,28926.31642,,,,,,
391,59509.27277,-20909.27277,,,,,,
392,58819.56015,2160.439853,,,,,,
393,57868.69419,21541.30581,,,,,,
394,62160.98346,20189.01654,,,,,,
395,57500.40104,-20760.40104,,,,,,
396,59757.03362,-32037.03362,,,,,,
397,60714.59581,-28454.59581,,,,,,
398,57125.41165,-3855.411653,,,,,,
399,63218.98924,-11738.98924,,,,,,
400,61779.29783,-1809.297831,,,,,,
401,60908.78675,22691.21325,,,,,,
402,59315.08184,3704.91816,,,,,,
403,59040.53604,-8120.536037,,,,,,
404,59957.92079,-3507.920795,,,,,,
405,62448.92174,27091.07826,,,,,,
406,60205.68164,-14175.68164,,,,,,
407,55404.4782,19705.5218,,,,,,
408,60286.03651,14233.96349,,,,,,
409,58129.84752,44180.15248,,,,,,
410,58377.60837,-4977.608366,,,,,,
411,58846.3451,913.6548968,,,,,,
412,58993.66236,-9453.662363,,,,,,
413,62067.23611,-10507.23611,,,,,,
414,58257.07606,-8747.076062,,,,,,
415,58632.06545,-22.06545181,,,,,,
416,59194.54954,9065.450463,,,,,,
417,59047.23228,6262.767724,,,,,,
418,58920.00373,-6830.003733,,,,,,
419,57975.83402,-14115.83402,,,,,,
420,58986.96612,15183.03388,,,,,,
421,57178.98157,1201.018434,,,,,,
422,57272.72891,33927.27109,,,,,,
423,58745.90152,32194.09848,,,,,,
424,59067.32099,-9737.320994,,,,,,
425,57754.85813,-4254.858129,,,,,,
426,61377.52348,-6787.523485,,,,,,
427,57024.96807,425.0319333,,,,,,
428,60848.5206,-27608.5206,,,,,,
429,61303.86485,19486.13515,,,,,,
430,60198.9854,801.0145977,,,,,,
431,60239.16284,-12619.16284,,,,,,
432,58183.41743,13906.58257,,,,,,
433,58545.01434,44374.98566,,,,,,
434,57768.25061,4201.749393,,,,,,
435,58598.58426,2441.415744,,,,,,
436,59690.07123,-7630.07123,,,,,,
437,61082.88896,8487.111036,,,,,,
438,59536.05773,6483.942269,,,,,,
439,58089.67008,-18089.67008,,,,,,
440,62181.07218,17318.92782,,,,,,
441,60928.87546,15371.12454,,,,,,
442,57728.07317,11301.92683,,,,,,
443,59261.51193,-2121.511928,,,,,,
444,58156.63248,-16446.63248,,,,,,
445,60306.12523,11173.87477,,,,,,
446,59823.99601,-26813.99601,,,,,,
447,57299.51387,17270.48613,,,,,,
448,61243.5987,-11653.5987,,,,,,
449,58632.06545,14537.93455,,,,,,
450,60687.81086,18532.18914,,,,,,
451,59274.90441,16605.09559,,,,,,
452,61417.70092,6192.299081,,,,,,
453,56676.76363,12413.23637,,,,,,
454,61511.44827,-26291.44827,,,,,,
455,59455.70286,-5515.702862,,,,,,
456,58464.65947,-1804.659474,,,,,,
457,59147.67586,8372.324137,,,,,,
458,57205.76652,-18585.76652,,,,,,
459,58324.03845,-19434.03845,,,,,,
460,58752.59776,20517.40224,,,,,,
461,59536.05773,-16656.05773,,,,,,
462,60239.16284,-15999.16284,,,,,,
463,61759.20911,-18569.20911,,,,,,
464,57252.6402,17297.3598,,,,,,
465,59020.44732,-1930.44732,,,,,,
466,61042.71153,-4562.711529,,,,,,
467,64330.56493,23079.43507,,,,,,
468,59382.04423,21987.95577,,,,,,
469,56502.66142,40857.33858,,,,,,
470,62897.56976,15062.43024,,,,,,
471,60192.28916,11047.71084,,,,,,
472,57353.08378,1586.916217,,,,,,
473,58980.26989,19969.73011,,,,,,
474,59736.9449,-23356.9449,,,,,,
475,61698.94296,-16538.94296,,,,,,
476,59201.24578,9848.754224,,,,,,
477,57527.186,-697.1859996,,,,,,
478,57734.76941,35795.23059,,,,,,
479,61089.5852,-14169.5852,,,,,,
480,55652.23905,337.7609497,,,,,,
481,61216.81375,-20376.81375,,,,,,
482,60620.84847,4369.151534,,,,,,
483,60707.89957,-7157.899574,,,,,,
484,61739.1204,-10419.1204,,,,,,
485,58216.89863,-21656.89863,,,,,,
486,59047.23228,7002.767724,,,,,,
487,61190.02879,-8790.02879,,,,,,
488,58263.7723,-30293.7723,,,,,,
489,57641.02206,9458.977936,,,,,,
490,59716.85619,-16006.85619,,,,,,
491,57219.159,-18619.159,,,,,,
492,58973.57365,-5083.573646,,,,,,
493,59388.74047,-6778.740471,,,,,,
494,58196.80991,-15066.80991,,,,,,
495,60178.89668,-19878.89668,,,,,,
496,56830.77713,-7080.777133,,,,,,
497,57487.00856,-13647.00856,,,,,,
498,55444.65564,1375.344362,,,,,,
499,57379.86874,-21029.86874,,,,,,
500,58344.12717,-7524.12717,,,,,,
501,58658.85041,25061.14959,,,,,,
502,60038.27566,-13068.27566,,,,,,
503,62248.03457,15771.96543,,,,,,
504,59341.8668,-14261.8668,,,,,,
505,58337.43093,-3177.430931,,,,,,
506,59823.99601,12196.00399,,,,,,
507,61350.73853,2659.261472,,,,,,
508,57734.76941,-29894.76941,,,,,,
509,59422.22167,-1352.221666,,,,,,
510,60915.48299,-9155.482986,,,,,,
511,60640.93718,5409.062817,,,,,,
512,57754.85813,7995.141871,,,,,,
513,57379.86874,8440.131261,,,,,,
514,61672.15801,-14912.15801,,,,,,
515,57915.56787,-6975.567868,,,,,,
516,61022.62281,-4582.622812,,,,,,
517,60299.42899,-27689.42899,,,,,,
518,58451.267,4318.733004,,,,,,
519,59582.9314,4017.068595,,,,,,
520,59382.04423,-13542.04423,,,,,,
521,61303.86485,-23023.86485,,,,,,
522,60707.89957,-9747.899574,,,,,,
523,59696.76747,-20216.76747,,,,,,
524,60265.94779,9344.052207,,,,,,
525,57091.93046,-9291.930458,,,,,,
526,56107.58331,-11217.58331,,,,,,
527,61839.56398,5580.436017,,,,,,
528,59797.21106,19072.78894,,,,,,
529,60788.25444,9521.745557,,,,,,
530,59810.60353,-21280.60353,,,,,,
531,59328.47432,18241.52568,,,,,,
532,57942.35282,1977.647176,,,,,,
533,60399.87258,-5949.872575,,,,,,
534,58652.15417,-8402.154169,,,,,,
535,58652.15417,-27862.15417,,,,,,
536,56482.5727,-21062.5727,,,,,,
537,57386.56498,-13916.56498,,,,,,
538,60125.32677,874.6732279,,,,,,
539,60265.94779,4514.052207,,,,,,
540,60165.50421,-21135.50421,,,,,,
541,64230.12134,1669.878657,,,,,,
542,60339.60642,-14289.60642,,,,,,
543,59757.03362,-687.0336214,,,,,,
544,59281.60064,-14611.60064,,,,,,
545,57908.87163,481.1283715,,,,,,
546,57339.6913,23030.3087,,,,,,
547,60212.37788,-6982.37788,,,,,,
548,57045.05678,14954.94322,,,,,,
549,57734.76941,26305.23059,,,,,,
550,55223.67975,-2683.679748,,,,,,
551,63125.24189,384.7581091,,,,,,
552,62013.6662,-19773.6662,,,,,,
553,59623.10884,-20043.10884,,,,,,
554,57205.76652,-2595.766523,,,,,,
555,61672.15801,25657.84199,,,,,,
556,60942.26794,27467.73206,,,,,,
557,55645.54281,34114.45719,,,,,,
558,57018.27183,44761.72817,,,,,,
559,57647.7183,12642.2817,,,,,,
560,57687.89574,30522.10426,,,,,,
561,58585.19178,28574.80822,,,,,,
562,61236.90246,-19696.90246,,,,,,
563,61109.67392,-11939.67392,,,,,,
564,57520.48976,6429.51024,,,,,,
565,59221.33449,11588.66551,,,,,,
566,57118.71541,-7528.715414,,,,,,
567,59040.53604,8249.463963,,,,,,
568,62971.22839,-11731.22839,,,,,,
569,61270.38366,-12730.38366,,,,,,
570,59522.66525,12887.33475,,,,,,
571,57433.43865,-3063.438652,,,,,,
572,61685.55048,32774.44952,,,,,,
573,57058.44926,28101.55074,,,,,,
574,59408.82919,-7278.829188,,,,,,
575,61256.99118,-6606.991181,,,,,,
576,59147.67586,10172.32414,,,,,,
577,57045.05678,-5565.056784,,,,,,
578,60024.88319,-9964.883186,,,,,,
579,60794.95068,1385.049317,,,,,,
580,61859.6527,17920.3473,,,,,,
581,57219.159,-14359.159,,,,,,
582,58940.09245,-4530.092451,,,,,,
583,60855.21683,8534.783165,,,,,,
584,58832.95262,-16022.95262,,,,,,
585,59562.84269,-28722.84269,,,,,,
586,57620.93335,-1360.933347,,,,,,
587,60178.89668,16291.10332,,,,,,
588,59803.9073,-24123.9073,,,,,,
589,61551.6257,28518.3743,,,,,,
590,57707.98446,-24587.98446,,,,,,
591,57480.31233,-3420.312326,,,,,,
592,61772.60159,13347.39841,,,,,,
593,56161.15322,-14561.15322,,,,,,
594,60279.34027,-40009.34027,,,,,,
595,60198.9854,-138.9854023,,,,,,
596,59435.61414,22834.38586,,,,,,
597,55739.29016,-26569.29016,,,,,,
598,59870.86969,8549.130314,,,,,,
599,60547.18984,-1417.189836,,,,,,
600,60245.85908,14084.14092,,,,,,
601,59000.3586,18079.6414,,,,,,
602,57714.68069,18535.31931,,,,,,
603,58973.57365,566.4263539,,,,,,
604,57714.68069,-3024.680694,,,,,,
605,56623.19372,27736.80628,,,,,,
606,60721.29205,-9301.292052,,,,,,
607,58036.10017,7083.899828,,,,,,
608,59991.40199,-10611.40199,,,,,,
609,60172.20045,-22342.20045,,,,,,
610,58404.39332,-22424.39332,,,,,,
611,59536.05773,9653.942269,,,,,,
612,59643.19756,-9053.197557,,,,,,
613,60634.24094,165.7590559,,,,,,
614,56201.33066,-25021.33066,,,,,,
615,59033.8398,18756.1602,,,,,,
616,58953.48493,-11383.48493,,,,,,
617,58859.73758,10270.26242,,,,,,
618,60265.94779,15704.05221,,,,,,
619,59469.09534,8880.90466,,,,,,
620,59455.70286,-17775.70286,,,,,,
621,62602.93524,23957.06476,,,,,,
622,58665.54665,22724.45335,,,,,,
623,58585.19178,-7855.191778,,,,,,
624,59502.57654,11787.42346,,,,,,
625,56482.5727,13627.4273,,,,,,
626,58853.04134,2736.958658,,,,,,
627,59221.33449,10148.66551,,,,,,
628,59750.33738,7359.662618,,,,,,
629,63091.7607,18928.2393,,,,,,
630,62040.45116,9.548843986,,,,,,
631,59482.48782,2247.512182,,,,,,
632,58926.69997,-266.6999724,,,,,,
633,59877.56593,-6507.565925,,,,,,
634,59515.96901,-19815.96901,,,,,,
635,59904.35088,-6154.350882,,,,,,
636,62348.47815,-17618.47815,,,,,,
637,59455.70286,-10105.70286,,,,,,
638,60071.75686,-16731.75686,,,,,,
639,61538.23322,16551.76678,,,,,,
640,59984.70575,-5034.705751,,,,,,
641,59047.23228,16482.76772,,,,,,
642,56770.51098,559.4890193,,,,,,
643,59676.67875,28253.32125,,,,,,
644,58103.06256,-1253.062563,,,,,,
645,61236.90246,17193.09754,,,,,,
646,58565.10306,5094.896939,,,,,,
647,58732.50904,4227.490962,,,,,,
648,58290.55726,23579.44274,,,,,,
649,59542.75397,-4722.75397,,,,,,
650,62723.46754,53596.53246,,,,,,
651,58337.43093,-1137.430931,,,,,,
652,59669.98251,24690.01749,,,,,,
653,61518.14451,-24988.14451,,,,,,
654,60165.50421,21094.49579,,,,,,
655,57205.76652,25144.23348,,,,,,
656,57393.26122,23436.73878,,,,,,
657,60848.5206,-30238.5206,,,,,,
658,59616.4126,-8306.4126,,,,,,
659,58431.17828,14508.82172,,,,,,
660,56984.79063,-4534.790632,,,,,,
661,60567.27855,5502.721447,,,,,,
662,58960.18117,-15770.18117,,,,,,
663,57513.79352,-16783.79352,,,,,,
664,60902.09051,17627.90949,,,,,,
665,61230.20622,33459.79378,,,,,,
666,56676.76363,-12276.76363,,,,,,
667,58846.3451,14953.6549,,,,,,
668,59288.29688,-21898.29688,,,,,,
669,56556.23133,7563.768671,,,,,,
670,59348.56304,6811.436964,,,,,,
671,59187.8533,-36877.8533,,,,,,
672,60687.81086,1692.189143,,,,,,
673,60279.34027,3570.659728,,,,,,
674,60507.0124,-24297.0124,,,,,,
675,58960.18117,-4370.181168,,,,,,
676,61156.54759,8453.452406,,,,,,
677,57513.79352,7876.206479,,,,,,
678,60058.36438,18071.63562,,,,,,
679,61437.78964,-5727.789637,,,,,,
680,59576.23517,9633.764834,,,,,,
681,60366.39138,-426.3913799,,,,,,
682,59120.89091,13429.10909,,,,,,
683,57460.22361,-13200.22361,,,,,,
684,62020.36244,-5110.362439,,,,,,
685,59716.85619,22673.14381,,,,,,
686,56911.132,-2321.132002,,,,,,
687,58156.63248,11833.36752,,,,,,
688,59281.60064,13458.39936,,,,,,
689,57172.28533,-21812.28533,,,,,,
690,56623.19372,37746.80628,,,,,,
691,57379.86874,-13859.86874,,,,,,
692,58223.59487,-22223.59487,,,,,,
693,59770.4261,39709.5739,,,,,,
694,59850.78097,23369.21903,,,,,,
695,58089.67008,-5149.670084,,,,,,
696,60419.96129,32940.03871,,,,,,
697,57607.54087,15982.45913,,,,,,
698,58920.00373,-5080.003733,,,,,,
699,60486.92368,-13136.92368,,,,,,
700,60219.07412,4860.92588,,,,,,
701,61940.00757,109.9924306,,,,,,
702,58223.59487,-28203.59487,,,,,,
703,59007.05484,-9497.054842,,,,,,
704,61397.6122,2922.387798,,,,,,
705,55645.54281,-20055.54281,,,,,,
706,60178.89668,2871.103315,,,,,,
707,59415.52543,5884.474573,,,,,,
708,61250.29494,8309.705058,,,,,,
709,60741.38077,-18831.38077,,,,,,
710,57754.85813,-29424.85813,,,,,,
711,59462.3991,-3482.399101,,,,,,
712,58511.53315,2568.466852,,,,,,
713,59730.24866,-8350.248665,,,,,,
714,60326.21395,24083.78605,,,,,,
715,57748.16189,2931.83811,,,,,,
716,62730.16378,1959.836216,,,,,,
717,55879.91118,-10099.91118,,,,,,
718,59998.09823,-18198.09823,,,,,,
719,58980.26989,-5750.269885,,,,,,
720,61638.67681,-25478.67681,,,,,,
721,56891.04328,-16441.04328,,,,,,
722,61230.20622,-3320.206224,,,,,,
723,61451.18211,-25171.18211,,,,,,
724,57219.159,-18029.159,,,,,,
725,59402.13295,2977.867051,,,,,,
726,59080.71347,-37610.71347,,,,,,
727,56321.86296,-21711.86296,,,,,,
728,59047.23228,29072.76772,,,,,,
729,59361.95551,-171.9555142,,,,,,
730,61819.47527,-25529.47527,,,,,,
731,61109.67392,-7349.67392,,,,,,
732,62375.26311,3924.736889,,,,,,
733,60393.17634,32606.82366,,,,,,
734,60513.70864,5146.29136,,,,,,
735,61076.19272,20853.80728,,,,,,
736,59107.49843,952.5015718,,,,,,
737,56757.1185,2772.881497,,,,,,
738,56911.132,-10531.132,,,,,,
739,59623.10884,16576.89116,,,,,,
740,58498.14067,-1638.14067,,,,,,
741,58350.82341,28269.17659,,,,,,
742,59462.3991,-9732.399101,,,,,,
743,59676.67875,28693.32125,,,,,,
744,58899.91502,-9739.915016,,,,,,
745,55123.23616,22616.76384,,,,,,
746,59114.19467,-20554.19467,,,,,,
747,59274.90441,-7284.904406,,,,,,
748,59609.71636,-19639.71636,,,,,,
749,58518.22939,-12478.22939,,,,,,
750,58765.99023,-9265.990234,,,,,,
751,56670.06739,19999.93261,,,,,,
752,60520.40488,15279.59512,,,,,,
753,60440.05001,21279.94999,,,,,,
754,59134.28338,-694.2833846,,,,,,
755,58263.7723,27456.2277,,,,,,
756,58678.93913,12261.06087,,,,,,
757,57774.94685,4645.053154,,,,,,
758,58705.72408,-1825.724082,,,,,,
759,59355.25928,42464.74072,,,,,,
760,60486.92368,26403.07632,,,,,,
761,60419.96129,-13119.96129,,,,,,
762,59207.94201,-27937.94201,,,,,,
763,57420.04617,7989.953826,,,,,,
764,61980.185,-7780.185004,,,,,,
765,57105.32294,10284.67706,,,,,,
766,59864.17345,-5334.173447,,,,,,
767,60091.84558,19668.15442,,,,,,
768,56897.73952,21162.26048,,,,,,
769,56877.65081,17202.34919,,,,,,
770,62355.17439,-9365.174394,,,,,,
771,58103.06256,12476.93744,,,,,,
772,58893.21878,-24583.21878,,,,,,
773,57674.50326,16485.49674,,,,,,
774,59428.91791,-238.9179052,,,,,,
775,58980.26989,-15610.26989,,,,,,
776,59696.76747,-42026.76747,,,,,,
777,59074.01723,-2364.017233,,,,,,
778,59294.99312,525.0068768,,,,,,
779,56375.43287,-20185.43287,,,,,,
780,57614.23711,2825.762892,,,,,,
781,59375.34799,15924.65201,,,,,,
782,59777.12234,14302.87766,,,,,,
783,56589.71252,3850.287475,,,,,,
784,59268.20817,21451.79183,,,,,,
785,62884.17728,-15824.17728,,,,,,
786,62629.7202,24200.2798,,,,,,
787,59857.47721,-3067.477208,,,,,,
788,58960.18117,8129.818832,,,,,,
789,59053.92852,-14683.92852,,,,,,
790,57942.35282,25027.64718,,,,,,
791,59944.52832,-3714.528316,,,,,,
792,59522.66525,-5762.665253,,,,,,
793,58966.87741,-3576.877407,,,,,,
794,58699.02784,14800.97216,,,,,,
795,56482.5727,-15432.5727,,,,,,
796,59047.23228,8272.767724,,,,,,
797,58437.87452,7452.125482,,,,,,
798,59690.07123,-3310.07123,,,,,,
799,62924.35472,22745.64528,,,,,,
800,57681.1995,13148.8005,,,,,,
801,59020.44732,-10840.44732,,,,,,
802,61873.04518,-9963.045178,,,,,,
803,57440.13489,-13120.13489,,,,,,
804,58511.53315,428.4668521,,,,,,
805,60935.5717,12674.4283,,,,,,
806,59964.61703,-5904.617034,,,,,,
807,61792.69031,23207.30969,,,,,,
808,59094.10595,-10064.10595,,,,,,
809,59422.22167,3877.778334,,,,,,
810,60647.63342,23652.36658,,,,,,
811,56060.70964,25329.29036,,,,,,
812,58471.35571,37428.64429,,,,,,
813,60098.54182,11731.45818,,,,,,
814,61946.70381,17363.29619,,,,,,
815,57560.6672,30329.3328,,,,,,
816,59167.76458,-10557.76458,,,,,,
817,59757.03362,13402.96638,,,,,,
818,60172.20045,-23892.20045,,,,,,
819,61605.19561,-11885.19561,,,,,,
820,60895.39427,-16495.39427,,,,,,
821,56583.01629,-8993.016286,,,,,,
822,58310.64597,-6850.645975,,,,,,
823,60038.27566,-2288.275664,,,,,,
824,58946.78869,7053.21131,,,,,,
825,61310.56109,-15360.56109,,,,,,
826,58531.62187,-4631.621865,,,,,,
827,60178.89668,-22258.89668,,,,,,
828,60594.06351,2505.936491,,,,,,
829,58638.76169,-21868.76169,,,,,,
830,57560.6672,-13650.6672,,,,,,
831,60948.96418,5441.035818,,,,,,
832,56007.13972,3152.860277,,,,,,
833,58310.64597,-19800.64597,,,,,,
834,59027.14356,-12807.14356,,,,,,
835,58290.55726,-16790.55726,,,,,,
836,60460.13873,-2300.138727,,,,,,
837,57513.79352,-18983.79352,,,,,,
838,62234.64209,-6354.64209,,,,,,
839,60373.08762,10566.91238,,,,,,
840,57252.6402,-3312.640196,,,,,,
841,58444.57076,-15414.57076,,,,,,
842,59636.50132,183.4986825,,,,,,
843,58143.24,-2643.239997,,,,,,
844,59201.24578,-9211.245776,,,,,,
845,58839.64886,-15859.64886,,,,,,
846,58906.61126,7063.388745,,,,,,
847,59683.37499,-393.3749912,,,,,,
848,59274.90441,3745.095594,,,,,,
849,55558.4917,18251.5083,,,,,,
850,63245.77419,6984.225805,,,,,,
851,62643.11268,-2693.112675,,,,,,
852,58062.88513,20037.11487,,,,,,
853,59294.99312,-42924.99312,,,,,,
854,59998.09823,32641.90177,,,,,,
855,59321.77808,4218.22192,,,,,,
856,57533.88224,29686.11776,,,,,,
857,57480.31233,-15490.31233,,,,,,
858,60473.53121,18936.46879,,,,,,
859,57118.71541,-2738.715414,,,,,,
860,59167.76458,-567.7645802,,,,,,
861,57768.25061,-8818.250607,,,,,,
862,62388.65559,-21718.65559,,,,,,
863,60058.36438,-7718.364381,,,,,,
864,57306.21011,-18166.21011,,,,,,
865,61765.90535,-20675.90535,,,,,,
866,54627.71447,-29027.71447,,,,,,
867,59884.26216,41015.73784,,,,,,
868,60440.05001,16639.94999,,,,,,
869,61290.47238,43859.52762,,,,,,
870,59040.53604,21539.46396,,,,,,
871,59361.95551,-13131.95551,,,,,,
872,61457.87835,36802.12165,,,,,,
873,60721.29205,15208.70795,,,,,,
874,57500.40104,-5450.401043,,,,,,
875,61852.95646,25147.04354,,,,,,
876,60727.98829,-457.9882915,,,,,,
877,57835.213,30434.787,,,,,,
878,61263.68742,-3443.68742,,,,,,
879,57473.61609,3736.383913,,,,,,
880,61404.30844,15015.69156,,,,,,
881,57861.99795,13118.00205,,,,,,
882,58404.39332,18335.60668,,,,,,
883,61585.1069,-13665.1069,,,,,,
884,58491.44443,-6331.444431,,,,,,
885,58752.59776,-26012.59776,,,,,,
886,56891.04328,15378.95672,,,,,,
887,60486.92368,16943.07632,,,,,,
888,57145.50037,35224.49963,,,,,,
889,59120.89091,-24240.89091,,,,,,
890,59710.15995,-13130.15995,,,,,,
891,59777.12234,10842.87766,,,,,,
892,59998.09823,6391.901771,,,,,,
893,58692.3316,23387.6684,,,,,,
894,57440.13489,18999.86511,,,,,,
895,58103.06256,38506.93744,,,,,,
896,57266.03267,-2926.032674,,,,,,
